symbol,name
SYM0001,Company Name 1 Ltd.
SYM0002,Company Name 2 Ltd.
SYM0003,Company Name 3 Ltd.
SYM0004,Company Name 4 Ltd.
SYM0005,Company Name 5 Ltd.
SYM0006,Company Name 6 Ltd.
SYM0007,Company Name 7 Ltd.
SYM0008,Company Name 8 Ltd.
SYM0009,Company Name 9 Ltd.
SYM0010,Company Name 10 Ltd.
SYM0011,Company Name 11 Ltd.
SYM0012,Company Name 12 Ltd.
SYM0013,Company Name 13 Ltd.
SYM0014,Company Name 14 Ltd.
SYM0015,Company Name 15 Ltd.
SYM0016,Company Name 16 Ltd.
SYM0017,Company Name 17 Ltd.
SYM0018,Company Name 18 Ltd.
SYM0019,Company Name 19 Ltd.
SYM0020,Company Name 20 Ltd.
SYM0021,Company Name 21 Ltd.
SYM0022,Company Name 22 Ltd.
SYM0023,Company Name 23 Ltd.
SYM0024,Company Name 24 Ltd.
SYM0025,Company Name 25 Ltd.
SYM0026,Company Name 26 Ltd.
SYM0027,Company Name 27 Ltd.
SYM0028,Company Name 28 Ltd.
SYM0029,Company Name 29 Ltd.
SYM0030,Company Name 30 Ltd.
SYM0031,Company Name 31 Ltd.
SYM0032,Company Name 32 Ltd.
SYM0033,Company Name 33 Ltd.
SYM0034,Company Name 34 Ltd.
SYM0035,Company Name 35 Ltd.
SYM0036,Company Name 36 Ltd.
SYM0037,Company Name 37 Ltd.
SYM0038,Company Name 38 Ltd.
SYM0039,Company Name 39 Ltd.
SYM0040,Company Name 40 Ltd.
SYM0041,Company Name 41 Ltd.
SYM0042,Company Name 42 Ltd.
SYM0043,Company Name 43 Ltd.
SYM0044,Company Name 44 Ltd.
SYM0045,Company Name 45 Ltd.
SYM0046,Company Name 46 Ltd.
SYM0047,Company Name 47 Ltd.
SYM0048,Company Name 48 Ltd.
SYM0049,Company Name 49 Ltd.
SYM0050,Company Name 50 Ltd.
SYM0051,Company Name 51 Ltd.
SYM0052,Company Name 52 Ltd.
SYM0053,Company Name 53 Ltd.
SYM0054,Company Name 54 Ltd.
SYM0055,Company Name 55 Ltd.
SYM0056,Company Name 56 Ltd.
SYM0057,Company Name 57 Ltd.
SYM0058,Company Name 58 Ltd.
SYM0059,Company Name 59 Ltd.
SYM0060,Company Name 60 Ltd.
SYM0061,Company Name 61 Ltd.
SYM0062,Company Name 62 Ltd.
SYM0063,Company Name 63 Ltd.
SYM0064,Company Name 64 Ltd.
SYM0065,Company Name 65 Ltd.
SYM0066,Company Name 66 Ltd.
SYM0067,Company Name 67 Ltd.
SYM0068,Company Name 68 Ltd.
SYM0069,Company Name 69 Ltd.
SYM0070,Company Name 70 Ltd.
SYM0071,Company Name 71 Ltd.
SYM0072,Company Name 72 Ltd.
SYM0073,Company Name 73 Ltd.
SYM0074,Company Name 74 Ltd.
SYM0075,Company Name 75 Ltd.
SYM0076,Company Name 76 Ltd.
SYM0077,Company Name 77 Ltd.
SYM0078,Company Name 78 Ltd.
SYM0079,Company Name 79 Ltd.
SYM0080,Company Name 80 Ltd.
SYM0081,Company Name 81 Ltd.
SYM0082,Company Name 82 Ltd.
SYM0083,Company Name 83 Ltd.
SYM0084,Company Name 84 Ltd.
SYM0085,Company Name 85 Ltd.
SYM0086,Company Name 86 Ltd.
SYM0087,Company Name 87 Ltd.
SYM0088,Company Name 88 Ltd.
SYM0089,Company Name 89 Ltd.
SYM0090,Company Name 90 Ltd.
SYM0091,Company Name 91 Ltd.
SYM0092,Company Name 92 Ltd.
SYM0093,Company Name 93 Ltd.
SYM0094,Company Name 94 Ltd.
SYM0095,Company Name 95 Ltd.
SYM0096,Company Name 96 Ltd.
SYM0097,Company Name 97 Ltd.
SYM0098,Company Name 98 Ltd.
SYM0099,Company Name 99 Ltd.
SYM0100,Company Name 100 Ltd.
SYM0101,Company Name 101 Ltd.
SYM0102,Company Name 102 Ltd.
SYM0103,Company Name 103 Ltd.
SYM0104,Company Name 104 Ltd.
SYM0105,Company Name 105 Ltd.
SYM0106,Company Name 106 Ltd.
SYM0107,Company Name 107 Ltd.
SYM0108,Company Name 108 Ltd.
SYM0109,Company Name 109 Ltd.
SYM0110,Company Name 110 Ltd.
SYM0111,Company Name 111 Ltd.
SYM0112,Company Name 112 Ltd.
SYM0113,Company Name 113 Ltd.
SYM0114,Company Name 114 Ltd.
SYM0115,Company Name 115 Ltd.
SYM0116,Company Name 116 Ltd.
SYM0117,Company Name 117 Ltd.
SYM0118,Company Name 118 Ltd.
SYM0119,Company Name 119 Ltd.
SYM0120,Company Name 120 Ltd.
SYM0121,Company Name 121 Ltd.
SYM0122,Company Name 122 Ltd.
SYM0123,Company Name 123 Ltd.
SYM0124,Company Name 124 Ltd.
SYM0125,Company Name 125 Ltd.
SYM0126,Company Name 126 Ltd.
SYM0127,Company Name 127 Ltd.
SYM0128,Company Name 128 Ltd.
SYM0129,Company Name 129 Ltd.
SYM0130,Company Name 130 Ltd.
SYM0131,Company Name 131 Ltd.
SYM0132,Company Name 132 Ltd.
SYM0133,Company Name 133 Ltd.
SYM0134,Company Name 134 Ltd.
SYM0135,Company Name 135 Ltd.
SYM0136,Company Name 136 Ltd.
SYM0137,Company Name 137 Ltd.
SYM0138,Company Name 138 Ltd.
SYM0139,Company Name 139 Ltd.
SYM0140,Company Name 140 Ltd.
SYM0141,Company Name 141 Ltd.
SYM0142,Company Name 142 Ltd.
SYM0143,Company Name 143 Ltd.
SYM0144,Company Name 144 Ltd.
SYM0145,Company Name 145 Ltd.
SYM0146,Company Name 146 Ltd.
SYM0147,Company Name 147 Ltd.
SYM0148,Company Name 148 Ltd.
SYM0149,Company Name 149 Ltd.
SYM0150,Company Name 150 Ltd.
SYM0151,Company Name 151 Ltd.
SYM0152,Company Name 152 Ltd.
SYM0153,Company Name 153 Ltd.
SYM0154,Company Name 154 Ltd.
SYM0155,Company Name 155 Ltd.
SYM0156,Company Name 156 Ltd.
SYM0157,Company Name 157 Ltd.
SYM0158,Company Name 158 Ltd.
SYM0159,Company Name 159 Ltd.
SYM0160,Company Name 160 Ltd.
SYM0161,Company Name 161 Ltd.
SYM0162,Company Name 162 Ltd.
SYM0163,Company Name 163 Ltd.
SYM0164,Company Name 164 Ltd.
SYM0165,Company Name 165 Ltd.
SYM0166,Company Name 166 Ltd.
SYM0167,Company Name 167 Ltd.
SYM0168,Company Name 168 Ltd.
SYM0169,Company Name 169 Ltd.
SYM0170,Company Name 170 Ltd.
SYM0171,Company Name 171 Ltd.
SYM0172,Company Name 172 Ltd.
SYM0173,Company Name 173 Ltd.
SYM0174,Company Name 174 Ltd.
SYM0175,Company Name 175 Ltd.
SYM0176,Company Name 176 Ltd.
SYM0177,Company Name 177 Ltd.
SYM0178,Company Name 178 Ltd.
SYM0179,Company Name 179 Ltd.
SYM0180,Company Name 180 Ltd.
SYM0181,Company Name 181 Ltd.
SYM0182,Company Name 182 Ltd.
SYM0183,Company Name 183 Ltd.
SYM0184,Company Name 184 Ltd.
SYM0185,Company Name 185 Ltd.
SYM0186,Company Name 186 Ltd.
SYM0187,Company Name 187 Ltd.
SYM0188,Company Name 188 Ltd.
SYM0189,Company Name 189 Ltd.
SYM0190,Company Name 190 Ltd.
SYM0191,Company Name 191 Ltd.
SYM0192,Company Name 192 Ltd.
SYM0193,Company Name 193 Ltd.
SYM0194,Company Name 194 Ltd.
SYM0195,Company Name 195 Ltd.
SYM0196,Company Name 196 Ltd.
SYM0197,Company Name 197 Ltd.
SYM0198,Company Name 198 Ltd.
SYM0199,Company Name 199 Ltd.
SYM0200,Company Name 200 Ltd.
SYM0201,Company Name 201 Ltd.
SYM0202,Company Name 202 Ltd.
SYM0203,Company Name 203 Ltd.
SYM0204,Company Name 204 Ltd.
SYM0205,Company Name 205 Ltd.
SYM0206,Company Name 206 Ltd.
SYM0207,Company Name 207 Ltd.
SYM0208,Company Name 208 Ltd.
SYM0209,Company Name 209 Ltd.
SYM0210,Company Name 210 Ltd.
SYM0211,Company Name 211 Ltd.
SYM0212,Company Name 212 Ltd.
SYM0213,Company Name 213 Ltd.
SYM0214,Company Name 214 Ltd.
SYM0215,Company Name 215 Ltd.
SYM0216,Company Name 216 Ltd.
SYM0217,Company Name 217 Ltd.
SYM0218,Company Name 218 Ltd.
SYM0219,Company Name 219 Ltd.
SYM0220,Company Name 220 Ltd.
SYM0221,Company Name 221 Ltd.
SYM0222,Company Name 222 Ltd.
SYM0223,Company Name 223 Ltd.
SYM0224,Company Name 224 Ltd.
SYM0225,Company Name 225 Ltd.
SYM0226,Company Name 226 Ltd.
SYM0227,Company Name 227 Ltd.
SYM0228,Company Name 228 Ltd.
SYM0229,Company Name 229 Ltd.
SYM0230,Company Name 230 Ltd.
SYM0231,Company Name 231 Ltd.
SYM0232,Company Name 232 Ltd.
SYM0233,Company Name 233 Ltd.
SYM0234,Company Name 234 Ltd.
SYM0235,Company Name 235 Ltd.
SYM0236,Company Name 236 Ltd.
SYM0237,Company Name 237 Ltd.
SYM0238,Company Name 238 Ltd.
SYM0239,Company Name 239 Ltd.
SYM0240,Company Name 240 Ltd.
SYM0241,Company Name 241 Ltd.
SYM0242,Company Name 242 Ltd.
SYM0243,Company Name 243 Ltd.
SYM0244,Company Name 244 Ltd.
SYM0245,Company Name 245 Ltd.
SYM0246,Company Name 246 Ltd.
SYM0247,Company Name 247 Ltd.
SYM0248,Company Name 248 Ltd.
SYM0249,Company Name 249 Ltd.
SYM0250,Company Name 250 Ltd.
SYM0251,Company Name 251 Ltd.
SYM0252,Company Name 252 Ltd.
SYM0253,Company Name 253 Ltd.
SYM0254,Company Name 254 Ltd.
SYM0255,Company Name 255 Ltd.
SYM0256,Company Name 256 Ltd.
SYM0257,Company Name 257 Ltd.
SYM0258,Company Name 258 Ltd.
SYM0259,Company Name 259 Ltd.
SYM0260,Company Name 260 Ltd.
SYM0261,Company Name 261 Ltd.
SYM0262,Company Name 262 Ltd.
SYM0263,Company Name 263 Ltd.
SYM0264,Company Name 264 Ltd.
SYM0265,Company Name 265 Ltd.
SYM0266,Company Name 266 Ltd.
SYM0267,Company Name 267 Ltd.
SYM0268,Company Name 268 Ltd.
SYM0269,Company Name 269 Ltd.
SYM0270,Company Name 270 Ltd.
SYM0271,Company Name 271 Ltd.
SYM0272,Company Name 272 Ltd.
SYM0273,Company Name 273 Ltd.
SYM0274,Company Name 274 Ltd.
SYM0275,Company Name 275 Ltd.
SYM0276,Company Name 276 Ltd.
SYM0277,Company Name 277 Ltd.
SYM0278,Company Name 278 Ltd.
SYM0279,Company Name 279 Ltd.
SYM0280,Company Name 280 Ltd.
SYM0281,Company Name 281 Ltd.
SYM0282,Company Name 282 Ltd.
SYM0283,Company Name 283 Ltd.
SYM0284,Company Name 284 Ltd.
SYM0285,Company Name 285 Ltd.
SYM0286,Company Name 286 Ltd.
SYM0287,Company Name 287 Ltd.
SYM0288,Company Name 288 Ltd.
SYM0289,Company Name 289 Ltd.
SYM0290,Company Name 290 Ltd.
SYM0291,Company Name 291 Ltd.
SYM0292,Company Name 292 Ltd.
SYM0293,Company Name 293 Ltd.
SYM0294,Company Name 294 Ltd.
SYM0295,Company Name 295 Ltd.
SYM0296,Company Name 296 Ltd.
SYM0297,Company Name 297 Ltd.
SYM0298,Company Name 298 Ltd.
SYM0299,Company Name 299 Ltd.
SYM0300,Company Name 300 Ltd.
SYM0301,Company Name 301 Ltd.
SYM0302,Company Name 302 Ltd.
SYM0303,Company Name 303 Ltd.
SYM0304,Company Name 304 Ltd.
SYM0305,Company Name 305 Ltd.
SYM0306,Company Name 306 Ltd.
SYM0307,Company Name 307 Ltd.
SYM0308,Company Name 308 Ltd.
SYM0309,Company Name 309 Ltd.
SYM0310,Company Name 310 Ltd.
SYM0311,Company Name 311 Ltd.
SYM0312,Company Name 312 Ltd.
SYM0313,Company Name 313 Ltd.
SYM0314,Company Name 314 Ltd.
SYM0315,Company Name 315 Ltd.
SYM0316,Company Name 316 Ltd.
SYM0317,Company Name 317 Ltd.
SYM0318,Company Name 318 Ltd.
SYM0319,Company Name 319 Ltd.
SYM0320,Company Name 320 Ltd.
SYM0321,Company Name 321 Ltd.
SYM0322,Company Name 322 Ltd.
SYM0323,Company Name 323 Ltd.
SYM0324,Company Name 324 Ltd.
SYM0325,Company Name 325 Ltd.
SYM0326,Company Name 326 Ltd.
SYM0327,Company Name 327 Ltd.
SYM0328,Company Name 328 Ltd.
SYM0329,Company Name 329 Ltd.
SYM0330,Company Name 330 Ltd.
SYM0331,Company Name 331 Ltd.
SYM0332,Company Name 332 Ltd.
SYM0333,Company Name 333 Ltd.
SYM0334,Company Name 334 Ltd.
SYM0335,Company Name 335 Ltd.
SYM0336,Company Name 336 Ltd.
SYM0337,Company Name 337 Ltd.
SYM0338,Company Name 338 Ltd.
SYM0339,Company Name 339 Ltd.
SYM0340,Company Name 340 Ltd.
SYM0341,Company Name 341 Ltd.
SYM0342,Company Name 342 Ltd.
SYM0343,Company Name 343 Ltd.
SYM0344,Company Name 344 Ltd.
SYM0345,Company Name 345 Ltd.
SYM0346,Company Name 346 Ltd.
SYM0347,Company Name 347 Ltd.
SYM0348,Company Name 348 Ltd.
SYM0349,Company Name 349 Ltd.
SYM0350,Company Name 350 Ltd.
SYM0351,Company Name 351 Ltd.
SYM0352,Company Name 352 Ltd.
SYM0353,Company Name 353 Ltd.
SYM0354,Company Name 354 Ltd.
SYM0355,Company Name 355 Ltd.
SYM0356,Company Name 356 Ltd.
SYM0357,Company Name 357 Ltd.
SYM0358,Company Name 358 Ltd.
SYM0359,Company Name 359 Ltd.
SYM0360,Company Name 360 Ltd.
SYM0361,Company Name 361 Ltd.
SYM0362,Company Name 362 Ltd.
SYM0363,Company Name 363 Ltd.
SYM0364,Company Name 364 Ltd.
SYM0365,Company Name 365 Ltd.
SYM0366,Company Name 366 Ltd.
SYM0367,Company Name 367 Ltd.
SYM0368,Company Name 368 Ltd.
SYM0369,Company Name 369 Ltd.
SYM0370,Company Name 370 Ltd.
SYM0371,Company Name 371 Ltd.
SYM0372,Company Name 372 Ltd.
SYM0373,Company Name 373 Ltd.
SYM0374,Company Name 374 Ltd.
SYM0375,Company Name 375 Ltd.
SYM0376,Company Name 376 Ltd.
SYM0377,Company Name 377 Ltd.
SYM0378,Company Name 378 Ltd.
SYM0379,Company Name 379 Ltd.
SYM0380,Company Name 380 Ltd.
SYM0381,Company Name 381 Ltd.
SYM0382,Company Name 382 Ltd.
SYM0383,Company Name 383 Ltd.
SYM0384,Company Name 384 Ltd.
SYM0385,Company Name 385 Ltd.
SYM0386,Company Name 386 Ltd.
SYM0387,Company Name 387 Ltd.
SYM0388,Company Name 388 Ltd.
SYM0389,Company Name 389 Ltd.
SYM0390,Company Name 390 Ltd.
SYM0391,Company Name 391 Ltd.
SYM0392,Company Name 392 Ltd.
SYM0393,Company Name 393 Ltd.
SYM0394,Company Name 394 Ltd.
SYM0395,Company Name 395 Ltd.
SYM0396,Company Name 396 Ltd.
SYM0397,Company Name 397 Ltd.
SYM0398,Company Name 398 Ltd.
SYM0399,Company Name 399 Ltd.
SYM0400,Company Name 400 Ltd.
SYM0401,Company Name 401 Ltd.
SYM0402,Company Name 402 Ltd.
SYM0403,Company Name 403 Ltd.
SYM0404,Company Name 404 Ltd.
SYM0405,Company Name 405 Ltd.
SYM0406,Company Name 406 Ltd.
SYM0407,Company Name 407 Ltd.
SYM0408,Company Name 408 Ltd.
SYM0409,Company Name 409 Ltd.
SYM0410,Company Name 410 Ltd.
SYM0411,Company Name 411 Ltd.
SYM0412,Company Name 412 Ltd.
SYM0413,Company Name 413 Ltd.
SYM0414,Company Name 414 Ltd.
SYM0415,Company Name 415 Ltd.
SYM0416,Company Name 416 Ltd.
SYM0417,Company Name 417 Ltd.
SYM0418,Company Name 418 Ltd.
SYM0419,Company Name 419 Ltd.
SYM0420,Company Name 420 Ltd.
SYM0421,Company Name 421 Ltd.
SYM0422,Company Name 422 Ltd.
SYM0423,Company Name 423 Ltd.
SYM0424,Company Name 424 Ltd.
SYM0425,Company Name 425 Ltd.
SYM0426,Company Name 426 Ltd.
SYM0427,Company Name 427 Ltd.
SYM0428,Company Name 428 Ltd.
SYM0429,Company Name 429 Ltd.
SYM0430,Company Name 430 Ltd.
SYM0431,Company Name 431 Ltd.
SYM0432,Company Name 432 Ltd.
SYM0433,Company Name 433 Ltd.
SYM0434,Company Name 434 Ltd.
SYM0435,Company Name 435 Ltd.
SYM0436,Company Name 436 Ltd.
SYM0437,Company Name 437 Ltd.
SYM0438,Company Name 438 Ltd.
SYM0439,Company Name 439 Ltd.
SYM0440,Company Name 440 Ltd.
SYM0441,Company Name 441 Ltd.
SYM0442,Company Name 442 Ltd.
SYM0443,Company Name 443 Ltd.
SYM0444,Company Name 444 Ltd.
SYM0445,Company Name 445 Ltd.
SYM0446,Company Name 446 Ltd.
SYM0447,Company Name 447 Ltd.
SYM0448,Company Name 448 Ltd.
SYM0449,Company Name 449 Ltd.
SYM0450,Company Name 450 Ltd.
SYM0451,Company Name 451 Ltd.
SYM0452,Company Name 452 Ltd.
SYM0453,Company Name 453 Ltd.
SYM0454,Company Name 454 Ltd.
SYM0455,Company Name 455 Ltd.
SYM0456,Company Name 456 Ltd.
SYM0457,Company Name 457 Ltd.
SYM0458,Company Name 458 Ltd.
SYM0459,Company Name 459 Ltd.
SYM0460,Company Name 460 Ltd.
SYM0461,Company Name 461 Ltd.
SYM0462,Company Name 462 Ltd.
SYM0463,Company Name 463 Ltd.
SYM0464,Company Name 464 Ltd.
SYM0465,Company Name 465 Ltd.
SYM0466,Company Name 466 Ltd.
SYM0467,Company Name 467 Ltd.
SYM0468,Company Name 468 Ltd.
SYM0469,Company Name 469 Ltd.
SYM0470,Company Name 470 Ltd.
SYM0471,Company Name 471 Ltd.
SYM0472,Company Name 472 Ltd.
SYM0473,Company Name 473 Ltd.
SYM0474,Company Name 474 Ltd.
SYM0475,Company Name 475 Ltd.
SYM0476,Company Name 476 Ltd.
SYM0477,Company Name 477 Ltd.
SYM0478,Company Name 478 Ltd.
SYM0479,Company Name 479 Ltd.
SYM0480,Company Name 480 Ltd.
SYM0481,Company Name 481 Ltd.
SYM0482,Company Name 482 Ltd.
SYM0483,Company Name 483 Ltd.
SYM0484,Company Name 484 Ltd.
SYM0485,Company Name 485 Ltd.
SYM0486,Company Name 486 Ltd.
SYM0487,Company Name 487 Ltd.
SYM0488,Company Name 488 Ltd.
SYM0489,Company Name 489 Ltd.
SYM0490,Company Name 490 Ltd.
SYM0491,Company Name 491 Ltd.
SYM0492,Company Name 492 Ltd.
SYM0493,Company Name 493 Ltd.
SYM0494,Company Name 494 Ltd.
SYM0495,Company Name 495 Ltd.
SYM0496,Company Name 496 Ltd.
SYM0497,Company Name 497 Ltd.
SYM0498,Company Name 498 Ltd.
SYM0499,Company Name 499 Ltd.
SYM0500,Company Name 500 Ltd.
SYM0501,Company Name 501 Ltd.
SYM0502,Company Name 502 Ltd.
SYM0503,Company Name 503 Ltd.
SYM0504,Company Name 504 Ltd.
SYM0505,Company Name 505 Ltd.
SYM0506,Company Name 506 Ltd.
SYM0507,Company Name 507 Ltd.
SYM0508,Company Name 508 Ltd.
SYM0509,Company Name 509 Ltd.
SYM0510,Company Name 510 Ltd.
SYM0511,Company Name 511 Ltd.
SYM0512,Company Name 512 Ltd.
SYM0513,Company Name 513 Ltd.
SYM0514,Company Name 514 Ltd.
SYM0515,Company Name 515 Ltd.
SYM0516,Company Name 516 Ltd.
SYM0517,Company Name 517 Ltd.
SYM0518,Company Name 518 Ltd.
SYM0519,Company Name 519 Ltd.
SYM0520,Company Name 520 Ltd.
SYM0521,Company Name 521 Ltd.
SYM0522,Company Name 522 Ltd.
SYM0523,Company Name 523 Ltd.
SYM0524,Company Name 524 Ltd.
SYM0525,Company Name 525 Ltd.
SYM0526,Company Name 526 Ltd.
SYM0527,Company Name 527 Ltd.
SYM0528,Company Name 528 Ltd.
SYM0529,Company Name 529 Ltd.
SYM0530,Company Name 530 Ltd.
SYM0531,Company Name 531 Ltd.
SYM0532,Company Name 532 Ltd.
SYM0533,Company Name 533 Ltd.
SYM0534,Company Name 534 Ltd.
SYM0535,Company Name 535 Ltd.
SYM0536,Company Name 536 Ltd.
SYM0537,Company Name 537 Ltd.
SYM0538,Company Name 538 Ltd.
SYM0539,Company Name 539 Ltd.
SYM0540,Company Name 540 Ltd.
SYM0541,Company Name 541 Ltd.
SYM0542,Company Name 542 Ltd.
SYM0543,Company Name 543 Ltd.
SYM0544,Company Name 544 Ltd.
SYM0545,Company Name 545 Ltd.
SYM0546,Company Name 546 Ltd.
SYM0547,Company Name 547 Ltd.
SYM0548,Company Name 548 Ltd.
SYM0549,Company Name 549 Ltd.
SYM0550,Company Name 550 Ltd.
SYM0551,Company Name 551 Ltd.
SYM0552,Company Name 552 Ltd.
SYM0553,Company Name 553 Ltd.
SYM0554,Company Name 554 Ltd.
SYM0555,Company Name 555 Ltd.
SYM0556,Company Name 556 Ltd.
SYM0557,Company Name 557 Ltd.
SYM0558,Company Name 558 Ltd.
SYM0559,Company Name 559 Ltd.
SYM0560,Company Name 560 Ltd.
SYM0561,Company Name 561 Ltd.
SYM0562,Company Name 562 Ltd.
SYM0563,Company Name 563 Ltd.
SYM0564,Company Name 564 Ltd.
SYM0565,Company Name 565 Ltd.
SYM0566,Company Name 566 Ltd.
SYM0567,Company Name 567 Ltd.
SYM0568,Company Name 568 Ltd.
SYM0569,Company Name 569 Ltd.
SYM0570,Company Name 570 Ltd.
SYM0571,Company Name 571 Ltd.
SYM0572,Company Name 572 Ltd.
SYM0573,Company Name 573 Ltd.
SYM0574,Company Name 574 Ltd.
SYM0575,Company Name 575 Ltd.
SYM0576,Company Name 576 Ltd.
SYM0577,Company Name 577 Ltd.
SYM0578,Company Name 578 Ltd.
SYM0579,Company Name 579 Ltd.
SYM0580,Company Name 580 Ltd.
SYM0581,Company Name 581 Ltd.
SYM0582,Company Name 582 Ltd.
SYM0583,Company Name 583 Ltd.
SYM0584,Company Name 584 Ltd.
SYM0585,Company Name 585 Ltd.
SYM0586,Company Name 586 Ltd.
SYM0587,Company Name 587 Ltd.
SYM0588,Company Name 588 Ltd.
SYM0589,Company Name 589 Ltd.
SYM0590,Company Name 590 Ltd.
SYM0591,Company Name 591 Ltd.
SYM0592,Company Name 592 Ltd.
SYM0593,Company Name 593 Ltd.
SYM0594,Company Name 594 Ltd.
SYM0595,Company Name 595 Ltd.
SYM0596,Company Name 596 Ltd.
SYM0597,Company Name 597 Ltd.
SYM0598,Company Name 598 Ltd.
SYM0599,Company Name 599 Ltd.
SYM0600,Company Name 600 Ltd.
SYM0601,Company Name 601 Ltd.
SYM0602,Company Name 602 Ltd.
SYM0603,Company Name 603 Ltd.
SYM0604,Company Name 604 Ltd.
SYM0605,Company Name 605 Ltd.
SYM0606,Company Name 606 Ltd.
SYM0607,Company Name 607 Ltd.
SYM0608,Company Name 608 Ltd.
SYM0609,Company Name 609 Ltd.
SYM0610,Company Name 610 Ltd.
SYM0611,Company Name 611 Ltd.
SYM0612,Company Name 612 Ltd.
SYM0613,Company Name 613 Ltd.
SYM0614,Company Name 614 Ltd.
SYM0615,Company Name 615 Ltd.
SYM0616,Company Name 616 Ltd.
SYM0617,Company Name 617 Ltd.
SYM0618,Company Name 618 Ltd.
SYM0619,Company Name 619 Ltd.
SYM0620,Company Name 620 Ltd.
SYM0621,Company Name 621 Ltd.
SYM0622,Company Name 622 Ltd.
SYM0623,Company Name 623 Ltd.
SYM0624,Company Name 624 Ltd.
SYM0625,Company Name 625 Ltd.
SYM0626,Company Name 626 Ltd.
SYM0627,Company Name 627 Ltd.
SYM0628,Company Name 628 Ltd.
SYM0629,Company Name 629 Ltd.
SYM0630,Company Name 630 Ltd.
SYM0631,Company Name 631 Ltd.
SYM0632,Company Name 632 Ltd.
SYM0633,Company Name 633 Ltd.
SYM0634,Company Name 634 Ltd.
SYM0635,Company Name 635 Ltd.
SYM0636,Company Name 636 Ltd.
SYM0637,Company Name 637 Ltd.
SYM0638,Company Name 638 Ltd.
SYM0639,Company Name 639 Ltd.
SYM0640,Company Name 640 Ltd.
SYM0641,Company Name 641 Ltd.
SYM0642,Company Name 642 Ltd.
SYM0643,Company Name 643 Ltd.
SYM0644,Company Name 644 Ltd.
SYM0645,Company Name 645 Ltd.
SYM0646,Company Name 646 Ltd.
SYM0647,Company Name 647 Ltd.
SYM0648,Company Name 648 Ltd.
SYM0649,Company Name 649 Ltd.
SYM0650,Company Name 650 Ltd.
SYM0651,Company Name 651 Ltd.
SYM0652,Company Name 652 Ltd.
SYM0653,Company Name 653 Ltd.
SYM0654,Company Name 654 Ltd.
SYM0655,Company Name 655 Ltd.
SYM0656,Company Name 656 Ltd.
SYM0657,Company Name 657 Ltd.
SYM0658,Company Name 658 Ltd.
SYM0659,Company Name 659 Ltd.
SYM0660,Company Name 660 Ltd.
SYM0661,Company Name 661 Ltd.
SYM0662,Company Name 662 Ltd.
SYM0663,Company Name 663 Ltd.
SYM0664,Company Name 664 Ltd.
SYM0665,Company Name 665 Ltd.
SYM0666,Company Name 666 Ltd.
SYM0667,Company Name 667 Ltd.
SYM0668,Company Name 668 Ltd.
SYM0669,Company Name 669 Ltd.
SYM0670,Company Name 670 Ltd.
SYM0671,Company Name 671 Ltd.
SYM0672,Company Name 672 Ltd.
SYM0673,Company Name 673 Ltd.
SYM0674,Company Name 674 Ltd.
SYM0675,Company Name 675 Ltd.
SYM0676,Company Name 676 Ltd.
SYM0677,Company Name 677 Ltd.
SYM0678,Company Name 678 Ltd.
SYM0679,Company Name 679 Ltd.
SYM0680,Company Name 680 Ltd.
SYM0681,Company Name 681 Ltd.
SYM0682,Company Name 682 Ltd.
SYM0683,Company Name 683 Ltd.
SYM0684,Company Name 684 Ltd.
SYM0685,Company Name 685 Ltd.
SYM0686,Company Name 686 Ltd.
SYM0687,Company Name 687 Ltd.
SYM0688,Company Name 688 Ltd.
SYM0689,Company Name 689 Ltd.
SYM0690,Company Name 690 Ltd.
SYM0691,Company Name 691 Ltd.
SYM0692,Company Name 692 Ltd.
SYM0693,Company Name 693 Ltd.
SYM0694,Company Name 694 Ltd.
SYM0695,Company Name 695 Ltd.
SYM0696,Company Name 696 Ltd.
SYM0697,Company Name 697 Ltd.
SYM0698,Company Name 698 Ltd.
SYM0699,Company Name 699 Ltd.
SYM0700,Company Name 700 Ltd.
SYM0701,Company Name 701 Ltd.
SYM0702,Company Name 702 Ltd.
SYM0703,Company Name 703 Ltd.
SYM0704,Company Name 704 Ltd.
SYM0705,Company Name 705 Ltd.
SYM0706,Company Name 706 Ltd.
SYM0707,Company Name 707 Ltd.
SYM0708,Company Name 708 Ltd.
SYM0709,Company Name 709 Ltd.
SYM0710,Company Name 710 Ltd.
SYM0711,Company Name 711 Ltd.
SYM0712,Company Name 712 Ltd.
SYM0713,Company Name 713 Ltd.
SYM0714,Company Name 714 Ltd.
SYM0715,Company Name 715 Ltd.
SYM0716,Company Name 716 Ltd.
SYM0717,Company Name 717 Ltd.
SYM0718,Company Name 718 Ltd.
SYM0719,Company Name 719 Ltd.
SYM0720,Company Name 720 Ltd.
SYM0721,Company Name 721 Ltd.
SYM0722,Company Name 722 Ltd.
SYM0723,Company Name 723 Ltd.
SYM0724,Company Name 724 Ltd.
SYM0725,Company Name 725 Ltd.
SYM0726,Company Name 726 Ltd.
SYM0727,Company Name 727 Ltd.
SYM0728,Company Name 728 Ltd.
SYM0729,Company Name 729 Ltd.
SYM0730,Company Name 730 Ltd.
SYM0731,Company Name 731 Ltd.
SYM0732,Company Name 732 Ltd.
SYM0733,Company Name 733 Ltd.
SYM0734,Company Name 734 Ltd.
SYM0735,Company Name 735 Ltd.
SYM0736,Company Name 736 Ltd.
SYM0737,Company Name 737 Ltd.
SYM0738,Company Name 738 Ltd.
SYM0739,Company Name 739 Ltd.
SYM0740,Company Name 740 Ltd.
SYM0741,Company Name 741 Ltd.
SYM0742,Company Name 742 Ltd.
SYM0743,Company Name 743 Ltd.
SYM0744,Company Name 744 Ltd.
SYM0745,Company Name 745 Ltd.
SYM0746,Company Name 746 Ltd.
SYM0747,Company Name 747 Ltd.
SYM0748,Company Name 748 Ltd.
SYM0749,Company Name 749 Ltd.
SYM0750,Company Name 750 Ltd.
SYM0751,Company Name 751 Ltd.
SYM0752,Company Name 752 Ltd.
SYM0753,Company Name 753 Ltd.
SYM0754,Company Name 754 Ltd.
SYM0755,Company Name 755 Ltd.
SYM0756,Company Name 756 Ltd.
SYM0757,Company Name 757 Ltd.
SYM0758,Company Name 758 Ltd.
SYM0759,Company Name 759 Ltd.
SYM0760,Company Name 760 Ltd.
SYM0761,Company Name 761 Ltd.
SYM0762,Company Name 762 Ltd.
SYM0763,Company Name 763 Ltd.
SYM0764,Company Name 764 Ltd.
SYM0765,Company Name 765 Ltd.
SYM0766,Company Name 766 Ltd.
SYM0767,Company Name 767 Ltd.
SYM0768,Company Name 768 Ltd.
SYM0769,Company Name 769 Ltd.
SYM0770,Company Name 770 Ltd.
SYM0771,Company Name 771 Ltd.
SYM0772,Company Name 772 Ltd.
SYM0773,Company Name 773 Ltd.
SYM0774,Company Name 774 Ltd.
SYM0775,Company Name 775 Ltd.
SYM0776,Company Name 776 Ltd.
SYM0777,Company Name 777 Ltd.
SYM0778,Company Name 778 Ltd.
SYM0779,Company Name 779 Ltd.
SYM0780,Company Name 780 Ltd.
SYM0781,Company Name 781 Ltd.
SYM0782,Company Name 782 Ltd.
SYM0783,Company Name 783 Ltd.
SYM0784,Company Name 784 Ltd.
SYM0785,Company Name 785 Ltd.
SYM0786,Company Name 786 Ltd.
SYM0787,Company Name 787 Ltd.
SYM0788,Company Name 788 Ltd.
SYM0789,Company Name 789 Ltd.
SYM0790,Company Name 790 Ltd.
SYM0791,Company Name 791 Ltd.
SYM0792,Company Name 792 Ltd.
SYM0793,Company Name 793 Ltd.
SYM0794,Company Name 794 Ltd.
SYM0795,Company Name 795 Ltd.
SYM0796,Company Name 796 Ltd.
SYM0797,Company Name 797 Ltd.
SYM0798,Company Name 798 Ltd.
SYM0799,Company Name 799 Ltd.
SYM0800,Company Name 800 Ltd.
SYM0801,Company Name 801 Ltd.
SYM0802,Company Name 802 Ltd.
SYM0803,Company Name 803 Ltd.
SYM0804,Company Name 804 Ltd.
SYM0805,Company Name 805 Ltd.
SYM0806,Company Name 806 Ltd.
SYM0807,Company Name 807 Ltd.
SYM0808,Company Name 808 Ltd.
SYM0809,Company Name 809 Ltd.
SYM0810,Company Name 810 Ltd.
SYM0811,Company Name 811 Ltd.
SYM0812,Company Name 812 Ltd.
SYM0813,Company Name 813 Ltd.
SYM0814,Company Name 814 Ltd.
SYM0815,Company Name 815 Ltd.
SYM0816,Company Name 816 Ltd.
SYM0817,Company Name 817 Ltd.
SYM0818,Company Name 818 Ltd.
SYM0819,Company Name 819 Ltd.
SYM0820,Company Name 820 Ltd.
SYM0821,Company Name 821 Ltd.
SYM0822,Company Name 822 Ltd.
SYM0823,Company Name 823 Ltd.
SYM0824,Company Name 824 Ltd.
SYM0825,Company Name 825 Ltd.
SYM0826,Company Name 826 Ltd.
SYM0827,Company Name 827 Ltd.
SYM0828,Company Name 828 Ltd.
SYM0829,Company Name 829 Ltd.
SYM0830,Company Name 830 Ltd.
SYM0831,Company Name 831 Ltd.
SYM0832,Company Name 832 Ltd.
SYM0833,Company Name 833 Ltd.
SYM0834,Company Name 834 Ltd.
SYM0835,Company Name 835 Ltd.
SYM0836,Company Name 836 Ltd.
SYM0837,Company Name 837 Ltd.
SYM0838,Company Name 838 Ltd.
SYM0839,Company Name 839 Ltd.
SYM0840,Company Name 840 Ltd.
SYM0841,Company Name 841 Ltd.
SYM0842,Company Name 842 Ltd.
SYM0843,Company Name 843 Ltd.
SYM0844,Company Name 844 Ltd.
SYM0845,Company Name 845 Ltd.
SYM0846,Company Name 846 Ltd.
SYM0847,Company Name 847 Ltd.
SYM0848,Company Name 848 Ltd.
SYM0849,Company Name 849 Ltd.
SYM0850,Company Name 850 Ltd.
SYM0851,Company Name 851 Ltd.
SYM0852,Company Name 852 Ltd.
SYM0853,Company Name 853 Ltd.
SYM0854,Company Name 854 Ltd.
SYM0855,Company Name 855 Ltd.
SYM0856,Company Name 856 Ltd.
SYM0857,Company Name 857 Ltd.
SYM0858,Company Name 858 Ltd.
SYM0859,Company Name 859 Ltd.
SYM0860,Company Name 860 Ltd.
SYM0861,Company Name 861 Ltd.
SYM0862,Company Name 862 Ltd.
SYM0863,Company Name 863 Ltd.
SYM0864,Company Name 864 Ltd.
SYM0865,Company Name 865 Ltd.
SYM0866,Company Name 866 Ltd.
SYM0867,Company Name 867 Ltd.
SYM0868,Company Name 868 Ltd.
SYM0869,Company Name 869 Ltd.
SYM0870,Company Name 870 Ltd.
SYM0871,Company Name 871 Ltd.
SYM0872,Company Name 872 Ltd.
SYM0873,Company Name 873 Ltd.
SYM0874,Company Name 874 Ltd.
SYM0875,Company Name 875 Ltd.
SYM0876,Company Name 876 Ltd.
SYM0877,Company Name 877 Ltd.
SYM0878,Company Name 878 Ltd.
SYM0879,Company Name 879 Ltd.
SYM0880,Company Name 880 Ltd.
SYM0881,Company Name 881 Ltd.
SYM0882,Company Name 882 Ltd.
SYM0883,Company Name 883 Ltd.
SYM0884,Company Name 884 Ltd.
SYM0885,Company Name 885 Ltd.
SYM0886,Company Name 886 Ltd.
SYM0887,Company Name 887 Ltd.
SYM0888,Company Name 888 Ltd.
SYM0889,Company Name 889 Ltd.
SYM0890,Company Name 890 Ltd.
SYM0891,Company Name 891 Ltd.
SYM0892,Company Name 892 Ltd.
SYM0893,Company Name 893 Ltd.
SYM0894,Company Name 894 Ltd.
SYM0895,Company Name 895 Ltd.
SYM0896,Company Name 896 Ltd.
SYM0897,Company Name 897 Ltd.
SYM0898,Company Name 898 Ltd.
SYM0899,Company Name 899 Ltd.
SYM0900,Company Name 900 Ltd.
SYM0901,Company Name 901 Ltd.
SYM0902,Company Name 902 Ltd.
SYM0903,Company Name 903 Ltd.
SYM0904,Company Name 904 Ltd.
SYM0905,Company Name 905 Ltd.
SYM0906,Company Name 906 Ltd.
SYM0907,Company Name 907 Ltd.
SYM0908,Company Name 908 Ltd.
SYM0909,Company Name 909 Ltd.
SYM0910,Company Name 910 Ltd.
SYM0911,Company Name 911 Ltd.
SYM0912,Company Name 912 Ltd.
SYM0913,Company Name 913 Ltd.
SYM0914,Company Name 914 Ltd.
SYM0915,Company Name 915 Ltd.
SYM0916,Company Name 916 Ltd.
SYM0917,Company Name 917 Ltd.
SYM0918,Company Name 918 Ltd.
SYM0919,Company Name 919 Ltd.
SYM0920,Company Name 920 Ltd.
SYM0921,Company Name 921 Ltd.
SYM0922,Company Name 922 Ltd.
SYM0923,Company Name 923 Ltd.
SYM0924,Company Name 924 Ltd.
SYM0925,Company Name 925 Ltd.
SYM0926,Company Name 926 Ltd.
SYM0927,Company Name 927 Ltd.
SYM0928,Company Name 928 Ltd.
SYM0929,Company Name 929 Ltd.
SYM0930,Company Name 930 Ltd.
SYM0931,Company Name 931 Ltd.
SYM0932,Company Name 932 Ltd.
SYM0933,Company Name 933 Ltd.
SYM0934,Company Name 934 Ltd.
SYM0935,Company Name 935 Ltd.
SYM0936,Company Name 936 Ltd.
SYM0937,Company Name 937 Ltd.
SYM0938,Company Name 938 Ltd.
SYM0939,Company Name 939 Ltd.
SYM0940,Company Name 940 Ltd.
SYM0941,Company Name 941 Ltd.
SYM0942,Company Name 942 Ltd.
SYM0943,Company Name 943 Ltd.
SYM0944,Company Name 944 Ltd.
SYM0945,Company Name 945 Ltd.
SYM0946,Company Name 946 Ltd.
SYM0947,Company Name 947 Ltd.
SYM0948,Company Name 948 Ltd.
SYM0949,Company Name 949 Ltd.
SYM0950,Company Name 950 Ltd.
SYM0951,Company Name 951 Ltd.
SYM0952,Company Name 952 Ltd.
SYM0953,Company Name 953 Ltd.
SYM0954,Company Name 954 Ltd.
SYM0955,Company Name 955 Ltd.
SYM0956,Company Name 956 Ltd.
SYM0957,Company Name 957 Ltd.
SYM0958,Company Name 958 Ltd.
SYM0959,Company Name 959 Ltd.
SYM0960,Company Name 960 Ltd.
SYM0961,Company Name 961 Ltd.
SYM0962,Company Name 962 Ltd.
SYM0963,Company Name 963 Ltd.
SYM0964,Company Name 964 Ltd.
SYM0965,Company Name 965 Ltd.
SYM0966,Company Name 966 Ltd.
SYM0967,Company Name 967 Ltd.
SYM0968,Company Name 968 Ltd.
SYM0969,Company Name 969 Ltd.
SYM0970,Company Name 970 Ltd.
SYM0971,Company Name 971 Ltd.
SYM0972,Company Name 972 Ltd.
SYM0973,Company Name 973 Ltd.
SYM0974,Company Name 974 Ltd.
SYM0975,Company Name 975 Ltd.
SYM0976,Company Name 976 Ltd.
SYM0977,Company Name 977 Ltd.
SYM0978,Company Name 978 Ltd.
SYM0979,Company Name 979 Ltd.
SYM0980,Company Name 980 Ltd.
SYM0981,Company Name 981 Ltd.
SYM0982,Company Name 982 Ltd.
SYM0983,Company Name 983 Ltd.
SYM0984,Company Name 984 Ltd.
SYM0985,Company Name 985 Ltd.
SYM0986,Company Name 986 Ltd.
SYM0987,Company Name 987 Ltd.
SYM0988,Company Name 988 Ltd.
SYM0989,Company Name 989 Ltd.
SYM0990,Company Name 990 Ltd.
SYM0991,Company Name 991 Ltd.
SYM0992,Company Name 992 Ltd.
SYM0993,Company Name 993 Ltd.
SYM0994,Company Name 994 Ltd.
SYM0995,Company Name 995 Ltd.
SYM0996,Company Name 996 Ltd.
SYM0997,Company Name 997 Ltd.
SYM0998,Company Name 998 Ltd.
SYM0999,Company Name 999 Ltd.
SYM1000,Company Name 1000 Ltd.
SYM1001,Company Name 1001 Ltd.
SYM1002,Company Name 1002 Ltd.
SYM1003,Company Name 1003 Ltd.
SYM1004,Company Name 1004 Ltd.
SYM1005,Company Name 1005 Ltd.
SYM1006,Company Name 1006 Ltd.
SYM1007,Company Name 1007 Ltd.
SYM1008,Company Name 1008 Ltd.
SYM1009,Company Name 1009 Ltd.
SYM1010,Company Name 1010 Ltd.
SYM1011,Company Name 1011 Ltd.
SYM1012,Company Name 1012 Ltd.
SYM1013,Company Name 1013 Ltd.
SYM1014,Company Name 1014 Ltd.
SYM1015,Company Name 1015 Ltd.
SYM1016,Company Name 1016 Ltd.
SYM1017,Company Name 1017 Ltd.
SYM1018,Company Name 1018 Ltd.
SYM1019,Company Name 1019 Ltd.
SYM1020,Company Name 1020 Ltd.
SYM1021,Company Name 1021 Ltd.
SYM1022,Company Name 1022 Ltd.
SYM1023,Company Name 1023 Ltd.
SYM1024,Company Name 1024 Ltd.
SYM1025,Company Name 1025 Ltd.
SYM1026,Company Name 1026 Ltd.
SYM1027,Company Name 1027 Ltd.
SYM1028,Company Name 1028 Ltd.
SYM1029,Company Name 1029 Ltd.
SYM1030,Company Name 1030 Ltd.
SYM1031,Company Name 1031 Ltd.
SYM1032,Company Name 1032 Ltd.
SYM1033,Company Name 1033 Ltd.
SYM1034,Company Name 1034 Ltd.
SYM1035,Company Name 1035 Ltd.
SYM1036,Company Name 1036 Ltd.
SYM1037,Company Name 1037 Ltd.
SYM1038,Company Name 1038 Ltd.
SYM1039,Company Name 1039 Ltd.
SYM1040,Company Name 1040 Ltd.
SYM1041,Company Name 1041 Ltd.
SYM1042,Company Name 1042 Ltd.
SYM1043,Company Name 1043 Ltd.
SYM1044,Company Name 1044 Ltd.
SYM1045,Company Name 1045 Ltd.
SYM1046,Company Name 1046 Ltd.
SYM1047,Company Name 1047 Ltd.
SYM1048,Company Name 1048 Ltd.
SYM1049,Company Name 1049 Ltd.
SYM1050,Company Name 1050 Ltd.
SYM1051,Company Name 1051 Ltd.
SYM1052,Company Name 1052 Ltd.
SYM1053,Company Name 1053 Ltd.
SYM1054,Company Name 1054 Ltd.
SYM1055,Company Name 1055 Ltd.
SYM1056,Company Name 1056 Ltd.
SYM1057,Company Name 1057 Ltd.
SYM1058,Company Name 1058 Ltd.
SYM1059,Company Name 1059 Ltd.
SYM1060,Company Name 1060 Ltd.
SYM1061,Company Name 1061 Ltd.
SYM1062,Company Name 1062 Ltd.
SYM1063,Company Name 1063 Ltd.
SYM1064,Company Name 1064 Ltd.
SYM1065,Company Name 1065 Ltd.
SYM1066,Company Name 1066 Ltd.
SYM1067,Company Name 1067 Ltd.
SYM1068,Company Name 1068 Ltd.
SYM1069,Company Name 1069 Ltd.
SYM1070,Company Name 1070 Ltd.
SYM1071,Company Name 1071 Ltd.
SYM1072,Company Name 1072 Ltd.
SYM1073,Company Name 1073 Ltd.
SYM1074,Company Name 1074 Ltd.
SYM1075,Company Name 1075 Ltd.
SYM1076,Company Name 1076 Ltd.
SYM1077,Company Name 1077 Ltd.
SYM1078,Company Name 1078 Ltd.
SYM1079,Company Name 1079 Ltd.
SYM1080,Company Name 1080 Ltd.
SYM1081,Company Name 1081 Ltd.
SYM1082,Company Name 1082 Ltd.
SYM1083,Company Name 1083 Ltd.
SYM1084,Company Name 1084 Ltd.
SYM1085,Company Name 1085 Ltd.
SYM1086,Company Name 1086 Ltd.
SYM1087,Company Name 1087 Ltd.
SYM1088,Company Name 1088 Ltd.
SYM1089,Company Name 1089 Ltd.
SYM1090,Company Name 1090 Ltd.
SYM1091,Company Name 1091 Ltd.
SYM1092,Company Name 1092 Ltd.
SYM1093,Company Name 1093 Ltd.
SYM1094,Company Name 1094 Ltd.
SYM1095,Company Name 1095 Ltd.
SYM1096,Company Name 1096 Ltd.
SYM1097,Company Name 1097 Ltd.
SYM1098,Company Name 1098 Ltd.
SYM1099,Company Name 1099 Ltd.
SYM1100,Company Name 1100 Ltd.
SYM1101,Company Name 1101 Ltd.
SYM1102,Company Name 1102 Ltd.
SYM1103,Company Name 1103 Ltd.
SYM1104,Company Name 1104 Ltd.
SYM1105,Company Name 1105 Ltd.
SYM1106,Company Name 1106 Ltd.
SYM1107,Company Name 1107 Ltd.
SYM1108,Company Name 1108 Ltd.
SYM1109,Company Name 1109 Ltd.
SYM1110,Company Name 1110 Ltd.
SYM1111,Company Name 1111 Ltd.
SYM1112,Company Name 1112 Ltd.
SYM1113,Company Name 1113 Ltd.
SYM1114,Company Name 1114 Ltd.
SYM1115,Company Name 1115 Ltd.
SYM1116,Company Name 1116 Ltd.
SYM1117,Company Name 1117 Ltd.
SYM1118,Company Name 1118 Ltd.
SYM1119,Company Name 1119 Ltd.
SYM1120,Company Name 1120 Ltd.
SYM1121,Company Name 1121 Ltd.
SYM1122,Company Name 1122 Ltd.
SYM1123,Company Name 1123 Ltd.
SYM1124,Company Name 1124 Ltd.
SYM1125,Company Name 1125 Ltd.
SYM1126,Company Name 1126 Ltd.
SYM1127,Company Name 1127 Ltd.
SYM1128,Company Name 1128 Ltd.
SYM1129,Company Name 1129 Ltd.
SYM1130,Company Name 1130 Ltd.
SYM1131,Company Name 1131 Ltd.
SYM1132,Company Name 1132 Ltd.
SYM1133,Company Name 1133 Ltd.
SYM1134,Company Name 1134 Ltd.
SYM1135,Company Name 1135 Ltd.
SYM1136,Company Name 1136 Ltd.
SYM1137,Company Name 1137 Ltd.
SYM1138,Company Name 1138 Ltd.
SYM1139,Company Name 1139 Ltd.
SYM1140,Company Name 1140 Ltd.
SYM1141,Company Name 1141 Ltd.
SYM1142,Company Name 1142 Ltd.
SYM1143,Company Name 1143 Ltd.
SYM1144,Company Name 1144 Ltd.
SYM1145,Company Name 1145 Ltd.
SYM1146,Company Name 1146 Ltd.
SYM1147,Company Name 1147 Ltd.
SYM1148,Company Name 1148 Ltd.
SYM1149,Company Name 1149 Ltd.
SYM1150,Company Name 1150 Ltd.
SYM1151,Company Name 1151 Ltd.
SYM1152,Company Name 1152 Ltd.
SYM1153,Company Name 1153 Ltd.
SYM1154,Company Name 1154 Ltd.
SYM1155,Company Name 1155 Ltd.
SYM1156,Company Name 1156 Ltd.
SYM1157,Company Name 1157 Ltd.
SYM1158,Company Name 1158 Ltd.
SYM1159,Company Name 1159 Ltd.
SYM1160,Company Name 1160 Ltd.
SYM1161,Company Name 1161 Ltd.
SYM1162,Company Name 1162 Ltd.
SYM1163,Company Name 1163 Ltd.
SYM1164,Company Name 1164 Ltd.
SYM1165,Company Name 1165 Ltd.
SYM1166,Company Name 1166 Ltd.
SYM1167,Company Name 1167 Ltd.
SYM1168,Company Name 1168 Ltd.
SYM1169,Company Name 1169 Ltd.
SYM1170,Company Name 1170 Ltd.
SYM1171,Company Name 1171 Ltd.
SYM1172,Company Name 1172 Ltd.
SYM1173,Company Name 1173 Ltd.
SYM1174,Company Name 1174 Ltd.
SYM1175,Company Name 1175 Ltd.
SYM1176,Company Name 1176 Ltd.
SYM1177,Company Name 1177 Ltd.
SYM1178,Company Name 1178 Ltd.
SYM1179,Company Name 1179 Ltd.
SYM1180,Company Name 1180 Ltd.
SYM1181,Company Name 1181 Ltd.
SYM1182,Company Name 1182 Ltd.
SYM1183,Company Name 1183 Ltd.
SYM1184,Company Name 1184 Ltd.
SYM1185,Company Name 1185 Ltd.
SYM1186,Company Name 1186 Ltd.
SYM1187,Company Name 1187 Ltd.
SYM1188,Company Name 1188 Ltd.
SYM1189,Company Name 1189 Ltd.
SYM1190,Company Name 1190 Ltd.
SYM1191,Company Name 1191 Ltd.
SYM1192,Company Name 1192 Ltd.
SYM1193,Company Name 1193 Ltd.
SYM1194,Company Name 1194 Ltd.
SYM1195,Company Name 1195 Ltd.
SYM1196,Company Name 1196 Ltd.
SYM1197,Company Name 1197 Ltd.
SYM1198,Company Name 1198 Ltd.
SYM1199,Company Name 1199 Ltd.
SYM1200,Company Name 1200 Ltd.
SYM1201,Company Name 1201 Ltd.
SYM1202,Company Name 1202 Ltd.
SYM1203,Company Name 1203 Ltd.
SYM1204,Company Name 1204 Ltd.
SYM1205,Company Name 1205 Ltd.
SYM1206,Company Name 1206 Ltd.
SYM1207,Company Name 1207 Ltd.
SYM1208,Company Name 1208 Ltd.
SYM1209,Company Name 1209 Ltd.
SYM1210,Company Name 1210 Ltd.
SYM1211,Company Name 1211 Ltd.
SYM1212,Company Name 1212 Ltd.
SYM1213,Company Name 1213 Ltd.
SYM1214,Company Name 1214 Ltd.
SYM1215,Company Name 1215 Ltd.
SYM1216,Company Name 1216 Ltd.
SYM1217,Company Name 1217 Ltd.
SYM1218,Company Name 1218 Ltd.
SYM1219,Company Name 1219 Ltd.
SYM1220,Company Name 1220 Ltd.
SYM1221,Company Name 1221 Ltd.
SYM1222,Company Name 1222 Ltd.
SYM1223,Company Name 1223 Ltd.
SYM1224,Company Name 1224 Ltd.
SYM1225,Company Name 1225 Ltd.
SYM1226,Company Name 1226 Ltd.
SYM1227,Company Name 1227 Ltd.
SYM1228,Company Name 1228 Ltd.
SYM1229,Company Name 1229 Ltd.
SYM1230,Company Name 1230 Ltd.
SYM1231,Company Name 1231 Ltd.
SYM1232,Company Name 1232 Ltd.
SYM1233,Company Name 1233 Ltd.
SYM1234,Company Name 1234 Ltd.
SYM1235,Company Name 1235 Ltd.
SYM1236,Company Name 1236 Ltd.
SYM1237,Company Name 1237 Ltd.
SYM1238,Company Name 1238 Ltd.
SYM1239,Company Name 1239 Ltd.
SYM1240,Company Name 1240 Ltd.
SYM1241,Company Name 1241 Ltd.
SYM1242,Company Name 1242 Ltd.
SYM1243,Company Name 1243 Ltd.
SYM1244,Company Name 1244 Ltd.
SYM1245,Company Name 1245 Ltd.
SYM1246,Company Name 1246 Ltd.
SYM1247,Company Name 1247 Ltd.
SYM1248,Company Name 1248 Ltd.
SYM1249,Company Name 1249 Ltd.
SYM1250,Company Name 1250 Ltd.
SYM1251,Company Name 1251 Ltd.
SYM1252,Company Name 1252 Ltd.
SYM1253,Company Name 1253 Ltd.
SYM1254,Company Name 1254 Ltd.
SYM1255,Company Name 1255 Ltd.
SYM1256,Company Name 1256 Ltd.
SYM1257,Company Name 1257 Ltd.
SYM1258,Company Name 1258 Ltd.
SYM1259,Company Name 1259 Ltd.
SYM1260,Company Name 1260 Ltd.
SYM1261,Company Name 1261 Ltd.
SYM1262,Company Name 1262 Ltd.
SYM1263,Company Name 1263 Ltd.
SYM1264,Company Name 1264 Ltd.
SYM1265,Company Name 1265 Ltd.
SYM1266,Company Name 1266 Ltd.
SYM1267,Company Name 1267 Ltd.
SYM1268,Company Name 1268 Ltd.
SYM1269,Company Name 1269 Ltd.
SYM1270,Company Name 1270 Ltd.
SYM1271,Company Name 1271 Ltd.
SYM1272,Company Name 1272 Ltd.
SYM1273,Company Name 1273 Ltd.
SYM1274,Company Name 1274 Ltd.
SYM1275,Company Name 1275 Ltd.
SYM1276,Company Name 1276 Ltd.
SYM1277,Company Name 1277 Ltd.
SYM1278,Company Name 1278 Ltd.
SYM1279,Company Name 1279 Ltd.
SYM1280,Company Name 1280 Ltd.
SYM1281,Company Name 1281 Ltd.
SYM1282,Company Name 1282 Ltd.
SYM1283,Company Name 1283 Ltd.
SYM1284,Company Name 1284 Ltd.
SYM1285,Company Name 1285 Ltd.
SYM1286,Company Name 1286 Ltd.
SYM1287,Company Name 1287 Ltd.
SYM1288,Company Name 1288 Ltd.
SYM1289,Company Name 1289 Ltd.
SYM1290,Company Name 1290 Ltd.
SYM1291,Company Name 1291 Ltd.
SYM1292,Company Name 1292 Ltd.
SYM1293,Company Name 1293 Ltd.
SYM1294,Company Name 1294 Ltd.
SYM1295,Company Name 1295 Ltd.
SYM1296,Company Name 1296 Ltd.
SYM1297,Company Name 1297 Ltd.
SYM1298,Company Name 1298 Ltd.
SYM1299,Company Name 1299 Ltd.
SYM1300,Company Name 1300 Ltd.
SYM1301,Company Name 1301 Ltd.
SYM1302,Company Name 1302 Ltd.
SYM1303,Company Name 1303 Ltd.
SYM1304,Company Name 1304 Ltd.
SYM1305,Company Name 1305 Ltd.
SYM1306,Company Name 1306 Ltd.
SYM1307,Company Name 1307 Ltd.
SYM1308,Company Name 1308 Ltd.
SYM1309,Company Name 1309 Ltd.
SYM1310,Company Name 1310 Ltd.
SYM1311,Company Name 1311 Ltd.
SYM1312,Company Name 1312 Ltd.
SYM1313,Company Name 1313 Ltd.
SYM1314,Company Name 1314 Ltd.
SYM1315,Company Name 1315 Ltd.
SYM1316,Company Name 1316 Ltd.
SYM1317,Company Name 1317 Ltd.
SYM1318,Company Name 1318 Ltd.
SYM1319,Company Name 1319 Ltd.
SYM1320,Company Name 1320 Ltd.
SYM1321,Company Name 1321 Ltd.
SYM1322,Company Name 1322 Ltd.
SYM1323,Company Name 1323 Ltd.
SYM1324,Company Name 1324 Ltd.
SYM1325,Company Name 1325 Ltd.
SYM1326,Company Name 1326 Ltd.
SYM1327,Company Name 1327 Ltd.
SYM1328,Company Name 1328 Ltd.
SYM1329,Company Name 1329 Ltd.
SYM1330,Company Name 1330 Ltd.
SYM1331,Company Name 1331 Ltd.
SYM1332,Company Name 1332 Ltd.
SYM1333,Company Name 1333 Ltd.
SYM1334,Company Name 1334 Ltd.
SYM1335,Company Name 1335 Ltd.
SYM1336,Company Name 1336 Ltd.
SYM1337,Company Name 1337 Ltd.
SYM1338,Company Name 1338 Ltd.
SYM1339,Company Name 1339 Ltd.
SYM1340,Company Name 1340 Ltd.
SYM1341,Company Name 1341 Ltd.
SYM1342,Company Name 1342 Ltd.
SYM1343,Company Name 1343 Ltd.
SYM1344,Company Name 1344 Ltd.
SYM1345,Company Name 1345 Ltd.
SYM1346,Company Name 1346 Ltd.
SYM1347,Company Name 1347 Ltd.
SYM1348,Company Name 1348 Ltd.
SYM1349,Company Name 1349 Ltd.
SYM1350,Company Name 1350 Ltd.
SYM1351,Company Name 1351 Ltd.
SYM1352,Company Name 1352 Ltd.
SYM1353,Company Name 1353 Ltd.
SYM1354,Company Name 1354 Ltd.
SYM1355,Company Name 1355 Ltd.
SYM1356,Company Name 1356 Ltd.
SYM1357,Company Name 1357 Ltd.
SYM1358,Company Name 1358 Ltd.
SYM1359,Company Name 1359 Ltd.
SYM1360,Company Name 1360 Ltd.
SYM1361,Company Name 1361 Ltd.
SYM1362,Company Name 1362 Ltd.
SYM1363,Company Name 1363 Ltd.
SYM1364,Company Name 1364 Ltd.
SYM1365,Company Name 1365 Ltd.
SYM1366,Company Name 1366 Ltd.
SYM1367,Company Name 1367 Ltd.
SYM1368,Company Name 1368 Ltd.
SYM1369,Company Name 1369 Ltd.
SYM1370,Company Name 1370 Ltd.
SYM1371,Company Name 1371 Ltd.
SYM1372,Company Name 1372 Ltd.
SYM1373,Company Name 1373 Ltd.
SYM1374,Company Name 1374 Ltd.
SYM1375,Company Name 1375 Ltd.
SYM1376,Company Name 1376 Ltd.
SYM1377,Company Name 1377 Ltd.
SYM1378,Company Name 1378 Ltd.
SYM1379,Company Name 1379 Ltd.
SYM1380,Company Name 1380 Ltd.
SYM1381,Company Name 1381 Ltd.
SYM1382,Company Name 1382 Ltd.
SYM1383,Company Name 1383 Ltd.
SYM1384,Company Name 1384 Ltd.
SYM1385,Company Name 1385 Ltd.
SYM1386,Company Name 1386 Ltd.
SYM1387,Company Name 1387 Ltd.
SYM1388,Company Name 1388 Ltd.
SYM1389,Company Name 1389 Ltd.
SYM1390,Company Name 1390 Ltd.
SYM1391,Company Name 1391 Ltd.
SYM1392,Company Name 1392 Ltd.
SYM1393,Company Name 1393 Ltd.
SYM1394,Company Name 1394 Ltd.
SYM1395,Company Name 1395 Ltd.
SYM1396,Company Name 1396 Ltd.
SYM1397,Company Name 1397 Ltd.
SYM1398,Company Name 1398 Ltd.
SYM1399,Company Name 1399 Ltd.
SYM1400,Company Name 1400 Ltd.
SYM1401,Company Name 1401 Ltd.
SYM1402,Company Name 1402 Ltd.
SYM1403,Company Name 1403 Ltd.
SYM1404,Company Name 1404 Ltd.
SYM1405,Company Name 1405 Ltd.
SYM1406,Company Name 1406 Ltd.
SYM1407,Company Name 1407 Ltd.
SYM1408,Company Name 1408 Ltd.
SYM1409,Company Name 1409 Ltd.
SYM1410,Company Name 1410 Ltd.
SYM1411,Company Name 1411 Ltd.
SYM1412,Company Name 1412 Ltd.
SYM1413,Company Name 1413 Ltd.
SYM1414,Company Name 1414 Ltd.
SYM1415,Company Name 1415 Ltd.
SYM1416,Company Name 1416 Ltd.
SYM1417,Company Name 1417 Ltd.
SYM1418,Company Name 1418 Ltd.
SYM1419,Company Name 1419 Ltd.
SYM1420,Company Name 1420 Ltd.
SYM1421,Company Name 1421 Ltd.
SYM1422,Company Name 1422 Ltd.
SYM1423,Company Name 1423 Ltd.
SYM1424,Company Name 1424 Ltd.
SYM1425,Company Name 1425 Ltd.
SYM1426,Company Name 1426 Ltd.
SYM1427,Company Name 1427 Ltd.
SYM1428,Company Name 1428 Ltd.
SYM1429,Company Name 1429 Ltd.
SYM1430,Company Name 1430 Ltd.
SYM1431,Company Name 1431 Ltd.
SYM1432,Company Name 1432 Ltd.
SYM1433,Company Name 1433 Ltd.
SYM1434,Company Name 1434 Ltd.
SYM1435,Company Name 1435 Ltd.
SYM1436,Company Name 1436 Ltd.
SYM1437,Company Name 1437 Ltd.
SYM1438,Company Name 1438 Ltd.
SYM1439,Company Name 1439 Ltd.
SYM1440,Company Name 1440 Ltd.
SYM1441,Company Name 1441 Ltd.
SYM1442,Company Name 1442 Ltd.
SYM1443,Company Name 1443 Ltd.
SYM1444,Company Name 1444 Ltd.
SYM1445,Company Name 1445 Ltd.
SYM1446,Company Name 1446 Ltd.
SYM1447,Company Name 1447 Ltd.
SYM1448,Company Name 1448 Ltd.
SYM1449,Company Name 1449 Ltd.
SYM1450,Company Name 1450 Ltd.
SYM1451,Company Name 1451 Ltd.
SYM1452,Company Name 1452 Ltd.
SYM1453,Company Name 1453 Ltd.
SYM1454,Company Name 1454 Ltd.
SYM1455,Company Name 1455 Ltd.
SYM1456,Company Name 1456 Ltd.
SYM1457,Company Name 1457 Ltd.
SYM1458,Company Name 1458 Ltd.
SYM1459,Company Name 1459 Ltd.
SYM1460,Company Name 1460 Ltd.
SYM1461,Company Name 1461 Ltd.
SYM1462,Company Name 1462 Ltd.
SYM1463,Company Name 1463 Ltd.
SYM1464,Company Name 1464 Ltd.
SYM1465,Company Name 1465 Ltd.
SYM1466,Company Name 1466 Ltd.
SYM1467,Company Name 1467 Ltd.
SYM1468,Company Name 1468 Ltd.
SYM1469,Company Name 1469 Ltd.
SYM1470,Company Name 1470 Ltd.
SYM1471,Company Name 1471 Ltd.
SYM1472,Company Name 1472 Ltd.
SYM1473,Company Name 1473 Ltd.
SYM1474,Company Name 1474 Ltd.
SYM1475,Company Name 1475 Ltd.
SYM1476,Company Name 1476 Ltd.
SYM1477,Company Name 1477 Ltd.
SYM1478,Company Name 1478 Ltd.
SYM1479,Company Name 1479 Ltd.
SYM1480,Company Name 1480 Ltd.
SYM1481,Company Name 1481 Ltd.
SYM1482,Company Name 1482 Ltd.
SYM1483,Company Name 1483 Ltd.
SYM1484,Company Name 1484 Ltd.
SYM1485,Company Name 1485 Ltd.
SYM1486,Company Name 1486 Ltd.
SYM1487,Company Name 1487 Ltd.
SYM1488,Company Name 1488 Ltd.
SYM1489,Company Name 1489 Ltd.
SYM1490,Company Name 1490 Ltd.
SYM1491,Company Name 1491 Ltd.
SYM1492,Company Name 1492 Ltd.
SYM1493,Company Name 1493 Ltd.
SYM1494,Company Name 1494 Ltd.
SYM1495,Company Name 1495 Ltd.
SYM1496,Company Name 1496 Ltd.
SYM1497,Company Name 1497 Ltd.
SYM1498,Company Name 1498 Ltd.
SYM1499,Company Name 1499 Ltd.
SYM1500,Company Name 1500 Ltd.
SYM1501,Company Name 1501 Ltd.
SYM1502,Company Name 1502 Ltd.
SYM1503,Company Name 1503 Ltd.
SYM1504,Company Name 1504 Ltd.
SYM1505,Company Name 1505 Ltd.
SYM1506,Company Name 1506 Ltd.
SYM1507,Company Name 1507 Ltd.
SYM1508,Company Name 1508 Ltd.
SYM1509,Company Name 1509 Ltd.
SYM1510,Company Name 1510 Ltd.
SYM1511,Company Name 1511 Ltd.
SYM1512,Company Name 1512 Ltd.
SYM1513,Company Name 1513 Ltd.
SYM1514,Company Name 1514 Ltd.
SYM1515,Company Name 1515 Ltd.
SYM1516,Company Name 1516 Ltd.
SYM1517,Company Name 1517 Ltd.
SYM1518,Company Name 1518 Ltd.
SYM1519,Company Name 1519 Ltd.
SYM1520,Company Name 1520 Ltd.
SYM1521,Company Name 1521 Ltd.
SYM1522,Company Name 1522 Ltd.
SYM1523,Company Name 1523 Ltd.
SYM1524,Company Name 1524 Ltd.
SYM1525,Company Name 1525 Ltd.
SYM1526,Company Name 1526 Ltd.
SYM1527,Company Name 1527 Ltd.
SYM1528,Company Name 1528 Ltd.
SYM1529,Company Name 1529 Ltd.
SYM1530,Company Name 1530 Ltd.
SYM1531,Company Name 1531 Ltd.
SYM1532,Company Name 1532 Ltd.
SYM1533,Company Name 1533 Ltd.
SYM1534,Company Name 1534 Ltd.
SYM1535,Company Name 1535 Ltd.
SYM1536,Company Name 1536 Ltd.
SYM1537,Company Name 1537 Ltd.
SYM1538,Company Name 1538 Ltd.
SYM1539,Company Name 1539 Ltd.
SYM1540,Company Name 1540 Ltd.
SYM1541,Company Name 1541 Ltd.
SYM1542,Company Name 1542 Ltd.
SYM1543,Company Name 1543 Ltd.
SYM1544,Company Name 1544 Ltd.
SYM1545,Company Name 1545 Ltd.
SYM1546,Company Name 1546 Ltd.
SYM1547,Company Name 1547 Ltd.
SYM1548,Company Name 1548 Ltd.
SYM1549,Company Name 1549 Ltd.
SYM1550,Company Name 1550 Ltd.
SYM1551,Company Name 1551 Ltd.
SYM1552,Company Name 1552 Ltd.
SYM1553,Company Name 1553 Ltd.
SYM1554,Company Name 1554 Ltd.
SYM1555,Company Name 1555 Ltd.
SYM1556,Company Name 1556 Ltd.
SYM1557,Company Name 1557 Ltd.
SYM1558,Company Name 1558 Ltd.
SYM1559,Company Name 1559 Ltd.
SYM1560,Company Name 1560 Ltd.
SYM1561,Company Name 1561 Ltd.
SYM1562,Company Name 1562 Ltd.
SYM1563,Company Name 1563 Ltd.
SYM1564,Company Name 1564 Ltd.
SYM1565,Company Name 1565 Ltd.
SYM1566,Company Name 1566 Ltd.
SYM1567,Company Name 1567 Ltd.
SYM1568,Company Name 1568 Ltd.
SYM1569,Company Name 1569 Ltd.
SYM1570,Company Name 1570 Ltd.
SYM1571,Company Name 1571 Ltd.
SYM1572,Company Name 1572 Ltd.
SYM1573,Company Name 1573 Ltd.
SYM1574,Company Name 1574 Ltd.
SYM1575,Company Name 1575 Ltd.
SYM1576,Company Name 1576 Ltd.
SYM1577,Company Name 1577 Ltd.
SYM1578,Company Name 1578 Ltd.
SYM1579,Company Name 1579 Ltd.
SYM1580,Company Name 1580 Ltd.
SYM1581,Company Name 1581 Ltd.
SYM1582,Company Name 1582 Ltd.
SYM1583,Company Name 1583 Ltd.
SYM1584,Company Name 1584 Ltd.
SYM1585,Company Name 1585 Ltd.
SYM1586,Company Name 1586 Ltd.
SYM1587,Company Name 1587 Ltd.
SYM1588,Company Name 1588 Ltd.
SYM1589,Company Name 1589 Ltd.
SYM1590,Company Name 1590 Ltd.
SYM1591,Company Name 1591 Ltd.
SYM1592,Company Name 1592 Ltd.
SYM1593,Company Name 1593 Ltd.
SYM1594,Company Name 1594 Ltd.
SYM1595,Company Name 1595 Ltd.
SYM1596,Company Name 1596 Ltd.
SYM1597,Company Name 1597 Ltd.
SYM1598,Company Name 1598 Ltd.
SYM1599,Company Name 1599 Ltd.
SYM1600,Company Name 1600 Ltd.
SYM1601,Company Name 1601 Ltd.
SYM1602,Company Name 1602 Ltd.
SYM1603,Company Name 1603 Ltd.
SYM1604,Company Name 1604 Ltd.
SYM1605,Company Name 1605 Ltd.
SYM1606,Company Name 1606 Ltd.
SYM1607,Company Name 1607 Ltd.
SYM1608,Company Name 1608 Ltd.
SYM1609,Company Name 1609 Ltd.
SYM1610,Company Name 1610 Ltd.
SYM1611,Company Name 1611 Ltd.
SYM1612,Company Name 1612 Ltd.
SYM1613,Company Name 1613 Ltd.
SYM1614,Company Name 1614 Ltd.
SYM1615,Company Name 1615 Ltd.
SYM1616,Company Name 1616 Ltd.
SYM1617,Company Name 1617 Ltd.
SYM1618,Company Name 1618 Ltd.
SYM1619,Company Name 1619 Ltd.
SYM1620,Company Name 1620 Ltd.
SYM1621,Company Name 1621 Ltd.
SYM1622,Company Name 1622 Ltd.
SYM1623,Company Name 1623 Ltd.
SYM1624,Company Name 1624 Ltd.
SYM1625,Company Name 1625 Ltd.
SYM1626,Company Name 1626 Ltd.
SYM1627,Company Name 1627 Ltd.
SYM1628,Company Name 1628 Ltd.
SYM1629,Company Name 1629 Ltd.
SYM1630,Company Name 1630 Ltd.
SYM1631,Company Name 1631 Ltd.
SYM1632,Company Name 1632 Ltd.
SYM1633,Company Name 1633 Ltd.
SYM1634,Company Name 1634 Ltd.
SYM1635,Company Name 1635 Ltd.
SYM1636,Company Name 1636 Ltd.
SYM1637,Company Name 1637 Ltd.
SYM1638,Company Name 1638 Ltd.
SYM1639,Company Name 1639 Ltd.
SYM1640,Company Name 1640 Ltd.
SYM1641,Company Name 1641 Ltd.
SYM1642,Company Name 1642 Ltd.
SYM1643,Company Name 1643 Ltd.
SYM1644,Company Name 1644 Ltd.
SYM1645,Company Name 1645 Ltd.
SYM1646,Company Name 1646 Ltd.
SYM1647,Company Name 1647 Ltd.
SYM1648,Company Name 1648 Ltd.
SYM1649,Company Name 1649 Ltd.
SYM1650,Company Name 1650 Ltd.
SYM1651,Company Name 1651 Ltd.
SYM1652,Company Name 1652 Ltd.
SYM1653,Company Name 1653 Ltd.
SYM1654,Company Name 1654 Ltd.
SYM1655,Company Name 1655 Ltd.
SYM1656,Company Name 1656 Ltd.
SYM1657,Company Name 1657 Ltd.
SYM1658,Company Name 1658 Ltd.
SYM1659,Company Name 1659 Ltd.
SYM1660,Company Name 1660 Ltd.
SYM1661,Company Name 1661 Ltd.
SYM1662,Company Name 1662 Ltd.
SYM1663,Company Name 1663 Ltd.
SYM1664,Company Name 1664 Ltd.
SYM1665,Company Name 1665 Ltd.
SYM1666,Company Name 1666 Ltd.
SYM1667,Company Name 1667 Ltd.
SYM1668,Company Name 1668 Ltd.
SYM1669,Company Name 1669 Ltd.
SYM1670,Company Name 1670 Ltd.
SYM1671,Company Name 1671 Ltd.
SYM1672,Company Name 1672 Ltd.
SYM1673,Company Name 1673 Ltd.
SYM1674,Company Name 1674 Ltd.
SYM1675,Company Name 1675 Ltd.
SYM1676,Company Name 1676 Ltd.
SYM1677,Company Name 1677 Ltd.
SYM1678,Company Name 1678 Ltd.
SYM1679,Company Name 1679 Ltd.
SYM1680,Company Name 1680 Ltd.
SYM1681,Company Name 1681 Ltd.
SYM1682,Company Name 1682 Ltd.
SYM1683,Company Name 1683 Ltd.
SYM1684,Company Name 1684 Ltd.
SYM1685,Company Name 1685 Ltd.
SYM1686,Company Name 1686 Ltd.
SYM1687,Company Name 1687 Ltd.
SYM1688,Company Name 1688 Ltd.
SYM1689,Company Name 1689 Ltd.
SYM1690,Company Name 1690 Ltd.
SYM1691,Company Name 1691 Ltd.
SYM1692,Company Name 1692 Ltd.
SYM1693,Company Name 1693 Ltd.
SYM1694,Company Name 1694 Ltd.
SYM1695,Company Name 1695 Ltd.
SYM1696,Company Name 1696 Ltd.
SYM1697,Company Name 1697 Ltd.
SYM1698,Company Name 1698 Ltd.
SYM1699,Company Name 1699 Ltd.
SYM1700,Company Name 1700 Ltd.
SYM1701,Company Name 1701 Ltd.
SYM1702,Company Name 1702 Ltd.
SYM1703,Company Name 1703 Ltd.
SYM1704,Company Name 1704 Ltd.
SYM1705,Company Name 1705 Ltd.
SYM1706,Company Name 1706 Ltd.
SYM1707,Company Name 1707 Ltd.
SYM1708,Company Name 1708 Ltd.
SYM1709,Company Name 1709 Ltd.
SYM1710,Company Name 1710 Ltd.
SYM1711,Company Name 1711 Ltd.
SYM1712,Company Name 1712 Ltd.
SYM1713,Company Name 1713 Ltd.
SYM1714,Company Name 1714 Ltd.
SYM1715,Company Name 1715 Ltd.
SYM1716,Company Name 1716 Ltd.
SYM1717,Company Name 1717 Ltd.
SYM1718,Company Name 1718 Ltd.
SYM1719,Company Name 1719 Ltd.
SYM1720,Company Name 1720 Ltd.
SYM1721,Company Name 1721 Ltd.
SYM1722,Company Name 1722 Ltd.
SYM1723,Company Name 1723 Ltd.
SYM1724,Company Name 1724 Ltd.
SYM1725,Company Name 1725 Ltd.
SYM1726,Company Name 1726 Ltd.
SYM1727,Company Name 1727 Ltd.
SYM1728,Company Name 1728 Ltd.
SYM1729,Company Name 1729 Ltd.
SYM1730,Company Name 1730 Ltd.
SYM1731,Company Name 1731 Ltd.
SYM1732,Company Name 1732 Ltd.
SYM1733,Company Name 1733 Ltd.
SYM1734,Company Name 1734 Ltd.
SYM1735,Company Name 1735 Ltd.
SYM1736,Company Name 1736 Ltd.
SYM1737,Company Name 1737 Ltd.
SYM1738,Company Name 1738 Ltd.
SYM1739,Company Name 1739 Ltd.
SYM1740,Company Name 1740 Ltd.
SYM1741,Company Name 1741 Ltd.
SYM1742,Company Name 1742 Ltd.
SYM1743,Company Name 1743 Ltd.
SYM1744,Company Name 1744 Ltd.
SYM1745,Company Name 1745 Ltd.
SYM1746,Company Name 1746 Ltd.
SYM1747,Company Name 1747 Ltd.
SYM1748,Company Name 1748 Ltd.
SYM1749,Company Name 1749 Ltd.
SYM1750,Company Name 1750 Ltd.
SYM1751,Company Name 1751 Ltd.
SYM1752,Company Name 1752 Ltd.
SYM1753,Company Name 1753 Ltd.
SYM1754,Company Name 1754 Ltd.
SYM1755,Company Name 1755 Ltd.
SYM1756,Company Name 1756 Ltd.
SYM1757,Company Name 1757 Ltd.
SYM1758,Company Name 1758 Ltd.
SYM1759,Company Name 1759 Ltd.
SYM1760,Company Name 1760 Ltd.
SYM1761,Company Name 1761 Ltd.
SYM1762,Company Name 1762 Ltd.
SYM1763,Company Name 1763 Ltd.
SYM1764,Company Name 1764 Ltd.
SYM1765,Company Name 1765 Ltd.
SYM1766,Company Name 1766 Ltd.
SYM1767,Company Name 1767 Ltd.
SYM1768,Company Name 1768 Ltd.
SYM1769,Company Name 1769 Ltd.
SYM1770,Company Name 1770 Ltd.
SYM1771,Company Name 1771 Ltd.
SYM1772,Company Name 1772 Ltd.
SYM1773,Company Name 1773 Ltd.
SYM1774,Company Name 1774 Ltd.
SYM1775,Company Name 1775 Ltd.
SYM1776,Company Name 1776 Ltd.
SYM1777,Company Name 1777 Ltd.
SYM1778,Company Name 1778 Ltd.
SYM1779,Company Name 1779 Ltd.
SYM1780,Company Name 1780 Ltd.
SYM1781,Company Name 1781 Ltd.
SYM1782,Company Name 1782 Ltd.
SYM1783,Company Name 1783 Ltd.
SYM1784,Company Name 1784 Ltd.
SYM1785,Company Name 1785 Ltd.
SYM1786,Company Name 1786 Ltd.
SYM1787,Company Name 1787 Ltd.
SYM1788,Company Name 1788 Ltd.
SYM1789,Company Name 1789 Ltd.
SYM1790,Company Name 1790 Ltd.
SYM1791,Company Name 1791 Ltd.
SYM1792,Company Name 1792 Ltd.
SYM1793,Company Name 1793 Ltd.
SYM1794,Company Name 1794 Ltd.
SYM1795,Company Name 1795 Ltd.
SYM1796,Company Name 1796 Ltd.
SYM1797,Company Name 1797 Ltd.
SYM1798,Company Name 1798 Ltd.
SYM1799,Company Name 1799 Ltd.
SYM1800,Company Name 1800 Ltd.
SYM1801,Company Name 1801 Ltd.
SYM1802,Company Name 1802 Ltd.
SYM1803,Company Name 1803 Ltd.
SYM1804,Company Name 1804 Ltd.
SYM1805,Company Name 1805 Ltd.
SYM1806,Company Name 1806 Ltd.
SYM1807,Company Name 1807 Ltd.
SYM1808,Company Name 1808 Ltd.
SYM1809,Company Name 1809 Ltd.
SYM1810,Company Name 1810 Ltd.
SYM1811,Company Name 1811 Ltd.
SYM1812,Company Name 1812 Ltd.
SYM1813,Company Name 1813 Ltd.
SYM1814,Company Name 1814 Ltd.
SYM1815,Company Name 1815 Ltd.
SYM1816,Company Name 1816 Ltd.
SYM1817,Company Name 1817 Ltd.
SYM1818,Company Name 1818 Ltd.
SYM1819,Company Name 1819 Ltd.
SYM1820,Company Name 1820 Ltd.
SYM1821,Company Name 1821 Ltd.
SYM1822,Company Name 1822 Ltd.
SYM1823,Company Name 1823 Ltd.
SYM1824,Company Name 1824 Ltd.
SYM1825,Company Name 1825 Ltd.
SYM1826,Company Name 1826 Ltd.
SYM1827,Company Name 1827 Ltd.
SYM1828,Company Name 1828 Ltd.
SYM1829,Company Name 1829 Ltd.
SYM1830,Company Name 1830 Ltd.
SYM1831,Company Name 1831 Ltd.
SYM1832,Company Name 1832 Ltd.
SYM1833,Company Name 1833 Ltd.
SYM1834,Company Name 1834 Ltd.
SYM1835,Company Name 1835 Ltd.
SYM1836,Company Name 1836 Ltd.
SYM1837,Company Name 1837 Ltd.
SYM1838,Company Name 1838 Ltd.
SYM1839,Company Name 1839 Ltd.
SYM1840,Company Name 1840 Ltd.
SYM1841,Company Name 1841 Ltd.
SYM1842,Company Name 1842 Ltd.
SYM1843,Company Name 1843 Ltd.
SYM1844,Company Name 1844 Ltd.
SYM1845,Company Name 1845 Ltd.
SYM1846,Company Name 1846 Ltd.
SYM1847,Company Name 1847 Ltd.
SYM1848,Company Name 1848 Ltd.
SYM1849,Company Name 1849 Ltd.
SYM1850,Company Name 1850 Ltd.
SYM1851,Company Name 1851 Ltd.
SYM1852,Company Name 1852 Ltd.
SYM1853,Company Name 1853 Ltd.
SYM1854,Company Name 1854 Ltd.
SYM1855,Company Name 1855 Ltd.
SYM1856,Company Name 1856 Ltd.
SYM1857,Company Name 1857 Ltd.
SYM1858,Company Name 1858 Ltd.
SYM1859,Company Name 1859 Ltd.
SYM1860,Company Name 1860 Ltd.
SYM1861,Company Name 1861 Ltd.
SYM1862,Company Name 1862 Ltd.
SYM1863,Company Name 1863 Ltd.
SYM1864,Company Name 1864 Ltd.
SYM1865,Company Name 1865 Ltd.
SYM1866,Company Name 1866 Ltd.
SYM1867,Company Name 1867 Ltd.
SYM1868,Company Name 1868 Ltd.
SYM1869,Company Name 1869 Ltd.
SYM1870,Company Name 1870 Ltd.
SYM1871,Company Name 1871 Ltd.
SYM1872,Company Name 1872 Ltd.
SYM1873,Company Name 1873 Ltd.
SYM1874,Company Name 1874 Ltd.
SYM1875,Company Name 1875 Ltd.
SYM1876,Company Name 1876 Ltd.
SYM1877,Company Name 1877 Ltd.
SYM1878,Company Name 1878 Ltd.
SYM1879,Company Name 1879 Ltd.
SYM1880,Company Name 1880 Ltd.
SYM1881,Company Name 1881 Ltd.
SYM1882,Company Name 1882 Ltd.
SYM1883,Company Name 1883 Ltd.
SYM1884,Company Name 1884 Ltd.
SYM1885,Company Name 1885 Ltd.
SYM1886,Company Name 1886 Ltd.
SYM1887,Company Name 1887 Ltd.
SYM1888,Company Name 1888 Ltd.
SYM1889,Company Name 1889 Ltd.
SYM1890,Company Name 1890 Ltd.
SYM1891,Company Name 1891 Ltd.
SYM1892,Company Name 1892 Ltd.
SYM1893,Company Name 1893 Ltd.
SYM1894,Company Name 1894 Ltd.
SYM1895,Company Name 1895 Ltd.
SYM1896,Company Name 1896 Ltd.
SYM1897,Company Name 1897 Ltd.
SYM1898,Company Name 1898 Ltd.
SYM1899,Company Name 1899 Ltd.
SYM1900,Company Name 1900 Ltd.
SYM1901,Company Name 1901 Ltd.
SYM1902,Company Name 1902 Ltd.
SYM1903,Company Name 1903 Ltd.
SYM1904,Company Name 1904 Ltd.
SYM1905,Company Name 1905 Ltd.
SYM1906,Company Name 1906 Ltd.
SYM1907,Company Name 1907 Ltd.
SYM1908,Company Name 1908 Ltd.
SYM1909,Company Name 1909 Ltd.
SYM1910,Company Name 1910 Ltd.
SYM1911,Company Name 1911 Ltd.
SYM1912,Company Name 1912 Ltd.
SYM1913,Company Name 1913 Ltd.
SYM1914,Company Name 1914 Ltd.
SYM1915,Company Name 1915 Ltd.
SYM1916,Company Name 1916 Ltd.
SYM1917,Company Name 1917 Ltd.
SYM1918,Company Name 1918 Ltd.
SYM1919,Company Name 1919 Ltd.
SYM1920,Company Name 1920 Ltd.
SYM1921,Company Name 1921 Ltd.
SYM1922,Company Name 1922 Ltd.
SYM1923,Company Name 1923 Ltd.
SYM1924,Company Name 1924 Ltd.
SYM1925,Company Name 1925 Ltd.
SYM1926,Company Name 1926 Ltd.
SYM1927,Company Name 1927 Ltd.
SYM1928,Company Name 1928 Ltd.
SYM1929,Company Name 1929 Ltd.
SYM1930,Company Name 1930 Ltd.
SYM1931,Company Name 1931 Ltd.
SYM1932,Company Name 1932 Ltd.
SYM1933,Company Name 1933 Ltd.
SYM1934,Company Name 1934 Ltd.
SYM1935,Company Name 1935 Ltd.
SYM1936,Company Name 1936 Ltd.
SYM1937,Company Name 1937 Ltd.
SYM1938,Company Name 1938 Ltd.
SYM1939,Company Name 1939 Ltd.
SYM1940,Company Name 1940 Ltd.
SYM1941,Company Name 1941 Ltd.
SYM1942,Company Name 1942 Ltd.
SYM1943,Company Name 1943 Ltd.
SYM1944,Company Name 1944 Ltd.
SYM1945,Company Name 1945 Ltd.
SYM1946,Company Name 1946 Ltd.
SYM1947,Company Name 1947 Ltd.
SYM1948,Company Name 1948 Ltd.
SYM1949,Company Name 1949 Ltd.
SYM1950,Company Name 1950 Ltd.
SYM1951,Company Name 1951 Ltd.
SYM1952,Company Name 1952 Ltd.
SYM1953,Company Name 1953 Ltd.
SYM1954,Company Name 1954 Ltd.
SYM1955,Company Name 1955 Ltd.
SYM1956,Company Name 1956 Ltd.
SYM1957,Company Name 1957 Ltd.
SYM1958,Company Name 1958 Ltd.
SYM1959,Company Name 1959 Ltd.
SYM1960,Company Name 1960 Ltd.
SYM1961,Company Name 1961 Ltd.
SYM1962,Company Name 1962 Ltd.
SYM1963,Company Name 1963 Ltd.
SYM1964,Company Name 1964 Ltd.
SYM1965,Company Name 1965 Ltd.
SYM1966,Company Name 1966 Ltd.
SYM1967,Company Name 1967 Ltd.
SYM1968,Company Name 1968 Ltd.
SYM1969,Company Name 1969 Ltd.
SYM1970,Company Name 1970 Ltd.
SYM1971,Company Name 1971 Ltd.
SYM1972,Company Name 1972 Ltd.
SYM1973,Company Name 1973 Ltd.
SYM1974,Company Name 1974 Ltd.
SYM1975,Company Name 1975 Ltd.
SYM1976,Company Name 1976 Ltd.
SYM1977,Company Name 1977 Ltd.
SYM1978,Company Name 1978 Ltd.
SYM1979,Company Name 1979 Ltd.
SYM1980,Company Name 1980 Ltd.
SYM1981,Company Name 1981 Ltd.
SYM1982,Company Name 1982 Ltd.
SYM1983,Company Name 1983 Ltd.
SYM1984,Company Name 1984 Ltd.
SYM1985,Company Name 1985 Ltd.
SYM1986,Company Name 1986 Ltd.
SYM1987,Company Name 1987 Ltd.
SYM1988,Company Name 1988 Ltd.
SYM1989,Company Name 1989 Ltd.
SYM1990,Company Name 1990 Ltd.
SYM1991,Company Name 1991 Ltd.
SYM1992,Company Name 1992 Ltd.
SYM1993,Company Name 1993 Ltd.
SYM1994,Company Name 1994 Ltd.
SYM1995,Company Name 1995 Ltd.
SYM1996,Company Name 1996 Ltd.
SYM1997,Company Name 1997 Ltd.
SYM1998,Company Name 1998 Ltd.
SYM1999,Company Name 1999 Ltd.
SYM2000,Company Name 2000 Ltd.
